,mean_fit_time,std_fit_time,mean_score_time,std_score_time,param_est__bootstrap,param_est__max_depth,param_est__max_features,param_est__min_samples_leaf,param_est__n_estimators,params,mean_test_exp_var,std_test_exp_var,rank_test_exp_var,mean_train_exp_var,std_train_exp_var,mean_test_r2,std_test_r2,rank_test_r2,mean_train_r2,std_train_r2,mean_test_mae,std_test_mae,rank_test_mae,mean_train_mae,std_train_mae,mean_test_mse,std_test_mse,rank_test_mse,mean_train_mse,std_train_mse
0,0.6228540897369385,0.05191572771484152,0.03138551712036133,0.006577863652822162,True,29,0.1844347898661638,0.07806910002727693,125,"{'est__bootstrap': True, 'est__max_depth': 29, 'est__max_features': 0.1844347898661638, 'est__min_samples_leaf': 0.07806910002727693, 'est__min_samples_split': 0.11977318143135092, 'est__n_estimators': 125}",0.5579317081790717,0.03419723111451275,83,0.5555301003373126,0.008960416135237216,0.5571142358113421,0.03386226783215404,83,0.5555294312563033,0.008960948614297842,-3.8542379834189666,0.17008719458593136,85,-3.846923191837283,0.05225610967555405,-52.74973451328638,10.524910544691227,83,-52.6225547225856,1.5046596738282445
1,2.027696633338928,0.20352830946822953,0.11427726745605468,0.021712895930897955,True,23,0.05908361216819946,0.08671761457749352,667,"{'est__bootstrap': True, 'est__max_depth': 23, 'est__max_features': 0.05908361216819946, 'est__min_samples_leaf': 0.08671761457749352, 'est__min_samples_split': 0.12062188733689856, 'est__n_estimators': 667}",0.24087959165707334,0.01979665116922601,96,0.24016842029017157,0.011832905867337614,0.23899159304525347,0.019274406074373928,96,0.24016807513822047,0.01183287127187341,-5.80534122959143,0.26157994777693355,96,-5.7977725920580685,0.08529020183089842,-90.1301953954057,13.751193039062017,96,-89.95628466850135,2.210881729138553
2,1.39887535572052,0.08723845776125534,0.08482756614685058,0.009291362090708202,True,22,0.05741157902710026,0.07229987722668248,389,"{'est__bootstrap': True, 'est__max_depth': 22, 'est__max_features': 0.05741157902710026, 'est__min_samples_leaf': 0.07229987722668248, 'est__min_samples_split': 0.18777198909413428, 'est__n_estimators': 389}",0.2579007925940589,0.025659646335754044,95,0.2562876903038621,0.010558287408533908,0.2560951539324099,0.024806495155754536,95,0.25628734373987816,0.0105583040518006,-5.70260465951471,0.2865107790362471,95,-5.696662809432238,0.06935786905987006,-88.21025980815176,14.228317828734257,95,-88.0391025817538,1.6796489826505747
3,13.52383620738983,0.2782377372999694,0.19814813137054443,0.030306009049412098,False,21,0.6184815096277165,0.061265316048828095,860,"{'est__bootstrap': False, 'est__max_depth': 21, 'est__max_features': 0.6184815096277165, 'est__min_samples_leaf': 0.061265316048828095, 'est__min_samples_split': 0.002406194738723764, 'est__n_estimators': 860}",0.7124085449253917,0.03616023679235742,25,0.7134509291869294,0.003971849459748898,0.7119018542813311,0.03586944582439322,25,0.7134509291869294,0.003971849459748906,-2.8542224160022025,0.2001030887429945,22,-2.823100957785185,0.028746421047945923,-34.47445388968297,8.241106645507026,25,-33.926020388864785,0.854725128454767
4,17.770526146888734,0.35511672980819453,0.20207457542419432,0.03217728077612458,True,27,0.6128528947223795,0.014049386065204183,979,"{'est__bootstrap': True, 'est__max_depth': 27, 'est__max_features': 0.6128528947223795, 'est__min_samples_leaf': 0.014049386065204183, 'est__min_samples_split': 0.05913678505850842, 'est__n_estimators': 979}",0.7734222125638301,0.03327421525641631,6,0.7818059154863383,0.0032715272606657266,0.7730847933034234,0.03346421666659397,6,0.7818058651342079,0.003271507400525154,-2.5383768719585538,0.17034146467739184,6,-2.4801510266360838,0.018462180797075872,-27.031724898602583,6.6356885369766445,6,-25.82878048406487,0.47391228267277585
5,5.21511287689209,0.15122137544661024,0.11465775966644287,0.025855924279332296,True,47,0.6193860093330873,0.03834619912671628,508,"{'est__bootstrap': True, 'est__max_depth': 47, 'est__max_features': 0.6193860093330873, 'est__min_samples_leaf': 0.03834619912671628, 'est__min_samples_split': 0.19666294627555087, 'est__n_estimators': 508}",0.570222543848596,0.03873112062476572,77,0.5690138199967697,0.005164102038995342,0.5694172562270768,0.03866168665946253,77,0.5690135669150427,0.005163962718467614,-3.608601753123817,0.20176791283095022,71,-3.5918935715653086,0.03013454946336766,-51.25693418235041,10.58981371510978,77,-51.02397600193221,1.1183401931579982
6,8.603058123588562,0.12931652563787235,0.09060595035552979,0.011773597104644559,True,37,0.6085448519014384,0.017152412368729154,391,"{'est__bootstrap': True, 'est__max_depth': 37, 'est__max_features': 0.6085448519014384, 'est__min_samples_leaf': 0.017152412368729154, 'est__min_samples_split': 0.013945267004070623, 'est__n_estimators': 391}",0.7974994136270334,0.03141794629100922,3,0.8065863141003273,0.0028175916825208575,0.7971740339966578,0.03159743635202113,3,0.806586147920887,0.0028174713544451622,-2.384016190830253,0.17163671526900065,3,-2.31341806329801,0.020784713697678477,-24.185780894414712,6.010681871867166,3,-22.897604567044322,0.5219596139544715
7,7.01414921283722,0.21102562125259652,0.09465467929840088,0.015122465518025506,True,14,0.8093973481164611,0.03056137691733707,343,"{'est__bootstrap': True, 'est__max_depth': 14, 'est__max_features': 0.8093973481164611, 'est__min_samples_leaf': 0.03056137691733707, 'est__min_samples_split': 0.020436750687270393, 'est__n_estimators': 343}",0.7344505150808951,0.03987788656409585,16,0.7376757323692018,0.004925506161589913,0.7340488336084687,0.03961439232762323,16,0.7376755402410585,0.004925387671275431,-2.7019677889344047,0.22757525673868453,15,-2.6588266997671774,0.02339464175890433,-31.9106416535598,8.279732594228573,16,-31.05649625253925,0.8241015907293215
8,0.6063909292221069,0.014887295506790552,0.020978236198425294,0.005977150748580771,False,47,0.6842635188254582,0.0610996657782621,38,"{'est__bootstrap': False, 'est__max_depth': 47, 'est__max_features': 0.6842635188254582, 'est__min_samples_leaf': 0.0610996657782621, 'est__min_samples_split': 0.1668057874354967, 'est__n_estimators': 38}",0.7030412960804013,0.03762730320952493,31,0.7047587806839938,0.004022622106870787,0.7024997222669259,0.0373112628881862,31,0.7047587806839938,0.004022622106870791,-2.935879692089376,0.22046092002830228,29,-2.8996597633443004,0.030526995009608947,-35.62823903352232,8.607491114778874,31,-34.9520332279872,0.7431686612860733
9,3.09263813495636,0.12492420636805603,0.09183745384216309,0.01450062634159877,False,17,0.2597799816000169,0.0663522284353982,393,"{'est__bootstrap': False, 'est__max_depth': 17, 'est__max_features': 0.2597799816000169, 'est__min_samples_leaf': 0.0663522284353982, 'est__min_samples_split': 0.06303050414179279, 'est__n_estimators': 393}",0.6602017509439719,0.040268294424379784,46,0.6605664859438625,0.005428266072890274,0.6596911991445538,0.04005309431037345,46,0.6605664859438625,0.005428266072890282,-3.2086729070209814,0.2016665983262872,46,-3.1835203003068693,0.023837663461273882,-40.66753414205535,9.596775576341035,46,-40.18601388218296,1.0165916650828108
10,8.07092604637146,0.1913526441845237,0.12719190120697021,0.02905420185681626,False,42,0.5687003278199915,0.0032313292455558584,559,"{'est__bootstrap': False, 'est__max_depth': 42, 'est__max_features': 0.5687003278199915, 'est__min_samples_leaf': 0.0032313292455558584, 'est__min_samples_split': 0.1686146701444047, 'est__n_estimators': 559}",0.7146012616002098,0.03688914289910098,24,0.7263114701152096,0.0038446944895037766,0.7141692953321166,0.0371834295629035,24,0.7263114701152096,0.0038446944895038017,-2.9064183961493377,0.17678923463845259,25,-2.850054162752927,0.02839943625381627,-33.97934327916381,7.77587251352014,23,-32.396640867194094,0.4901343075358528
11,8.471203899383545,0.26830771592269526,0.10573606491088867,0.021487098476491058,False,10,0.8958273504276488,0.05988999788110852,459,"{'est__bootstrap': False, 'est__max_depth': 10, 'est__max_features': 0.8958273504276488, 'est__min_samples_leaf': 0.05988999788110852, 'est__min_samples_split': 0.18445297276960027, 'est__n_estimators': 459}",0.5990570931278199,0.039937341824176645,65,0.5980830793025274,0.005526896792845264,0.5982282847568102,0.03994876788382084,65,0.5980830793025274,0.005526896792845271,-3.397886567925977,0.22635893067641655,59,-3.3720405789022565,0.031638171932635156,-47.81156742339434,10.077785396747618,64,-47.58073589687277,1.0125342060231228
12,7.979627323150635,0.24521435706281589,0.15671067237854003,0.02750124581753947,False,23,0.5218342600258237,0.09621720243493492,752,"{'est__bootstrap': False, 'est__max_depth': 23, 'est__max_features': 0.5218342600258237, 'est__min_samples_leaf': 0.09621720243493492, 'est__min_samples_split': 0.16906223588695213, 'est__n_estimators': 752}",0.6122487241988792,0.03986753072155027,56,0.6129167015369553,0.007628416049258411,0.6115463170531449,0.03971684618896951,56,0.6129167015369553,0.007628416049258411,-3.3554783617344706,0.20690456109205518,55,-3.3269748953249705,0.030559234859304427,-46.31840909132283,10.169093345515524,57,-45.82307049844863,1.105855752013138
13,9.978188848495483,0.2105480163429647,0.0892444372177124,0.013155970098556133,False,47,0.8297375091519293,0.03577533266935893,383,"{'est__bootstrap': False, 'est__max_depth': 47, 'est__max_features': 0.8297375091519293, 'est__min_samples_leaf': 0.03577533266935893, 'est__min_samples_split': 0.05690596742778878, 'est__n_estimators': 383}",0.7669421090648142,0.032808792503304866,9,0.7795895718387913,0.005883853385669189,0.7666561101360141,0.03296235489378902,9,0.7795895718387913,0.005883853385669177,-2.586721337829638,0.21551516656355477,9,-2.518241283860591,0.026847821244300102,-27.767173643970654,6.404243576280994,9,-26.09440928188789,0.8668707873563722
14,6.795340061187744,0.285446597726766,0.11560523509979248,0.011487834224011556,True,41,0.2972735057040824,0.016626693906300248,524,"{'est__bootstrap': True, 'est__max_depth': 41, 'est__max_features': 0.2972735057040824, 'est__min_samples_leaf': 0.016626693906300248, 'est__min_samples_split': 0.004111644941497593, 'est__n_estimators': 524}",0.7636463180146122,0.034210146062104214,11,0.7712044487181737,0.003870012584229546,0.7633659898711284,0.03428483225550163,11,0.7712042732208024,0.003870063851459103,-2.592791666212642,0.17741390148666847,10,-2.532087031752397,0.016982438827552734,-28.275146610741352,7.14466531447477,11,-27.085268491953883,0.6083484462320993
15,1.894447350502014,0.04786487288024014,0.12494823932647706,0.02207581184634048,False,1,0.1997156815341724,0.00065221171236024,596,"{'est__bootstrap': False, 'est__max_depth': 1, 'est__max_features': 0.1997156815341724, 'est__min_samples_leaf': 0.00065221171236024, 'est__min_samples_split': 0.163276824262512, 'est__n_estimators': 596}",0.4340692123598478,0.03237629795782065,91,0.43178454675118605,0.009905632455975684,0.4327751917783461,0.03201354553301523,91,0.43178454675118605,0.00990563245597565,-4.728639416503914,0.18787992109442297,91,-4.724562920662601,0.07362403705800594,-67.3575262440483,11.939588816976281,91,-67.27517811185116,1.8845014480698417
16,0.7480103254318238,0.02140030116455275,0.023381590843200684,0.009312193096741675,False,35,0.7911755405312056,0.060695997478101144,44,"{'est__bootstrap': False, 'est__max_depth': 35, 'est__max_features': 0.7911755405312056, 'est__min_samples_leaf': 0.060695997478101144, 'est__min_samples_split': 0.18533387482415645, 'est__n_estimators': 44}",0.6108799938320116,0.03376066741738262,58,0.6105208618602893,0.014812487191280845,0.6100956948529641,0.034036763815299735,58,0.6105208618602893,0.014812487191280851,-3.3069269375725545,0.17562088818751478,54,-3.2925723495678576,0.08032052173392748,-46.25262398728784,8.871532732538899,56,-46.12482941387547,2.2749593100420493
17,11.687752199172973,0.5016021515730729,0.11333069801330567,0.019676808308725882,False,7,0.8510385777897993,0.04504506741382035,506,"{'est__bootstrap': False, 'est__max_depth': 7, 'est__max_features': 0.8510385777897993, 'est__min_samples_leaf': 0.04504506741382035, 'est__min_samples_split': 0.019986613181591853, 'est__n_estimators': 506}",0.726875250128251,0.04259745559782523,18,0.7301613624480804,0.00726953692213751,0.7264796886171259,0.0422738473980213,18,0.7301613624480804,0.007269536922137529,-2.7552597947540685,0.2524328064711445,16,-2.7138088016897353,0.032642230653723556,-32.822293805904664,8.40480438196601,19,-31.9452019109384,1.017248893074344
18,6.929362773895264,0.25512309633611147,0.11901156902313233,0.010639673518757775,True,24,0.6669223566174967,0.05922977877077272,550,"{'est__bootstrap': True, 'est__max_depth': 24, 'est__max_features': 0.6669223566174967, 'est__min_samples_leaf': 0.05922977877077272, 'est__min_samples_split': 0.05566963680502277, 'est__n_estimators': 550}",0.6176633467894679,0.03991711038527948,52,0.6181733266865009,0.0060592479177526805,0.6169967857488117,0.03993143940048725,52,0.6181731030061602,0.006059381376623956,-3.3048341801978744,0.21254749462653372,53,-3.2806414124271397,0.026489155148304324,-45.62373782091929,9.939878878607898,52,-45.203163562257984,1.0589037970817206
19,1.0386839151382445,0.047652718957197956,0.06036691665649414,0.006946480415102388,True,35,0.1205942459383017,0.07142447872229951,221,"{'est__bootstrap': True, 'est__max_depth': 35, 'est__max_features': 0.1205942459383017, 'est__min_samples_leaf': 0.07142447872229951, 'est__min_samples_split': 0.1523962246747626, 'est__n_estimators': 221}",0.48073426090821963,0.03784342415477471,90,0.47814272630950827,0.010610765681270052,0.47965470027653706,0.037200479593197416,90,0.47814218804182174,0.010611025102875156,-4.358885017400776,0.21215310451853744,89,-4.351514635881531,0.07504047581226703,-61.94530129165737,11.953842805750705,90,-61.7809791835758,1.6492944778266017
20,6.438124179840088,0.307389046907785,0.12402477264404296,0.01762334490266283,True,14,0.49479559636439074,0.052373282938199414,557,"{'est__bootstrap': True, 'est__max_depth': 14, 'est__max_features': 0.49479559636439074, 'est__min_samples_leaf': 0.052373282938199414, 'est__min_samples_split': 0.08608066265335138, 'est__n_estimators': 557}",0.6767178177825144,0.0411018247368782,40,0.6774228756402147,0.003988661964581848,0.6762037370702029,0.04099334896612084,40,0.6774227313121151,0.003988595861040024,-3.0533497177310878,0.20773958217065286,37,-3.0253456063181114,0.02216977143950499,-38.70402392988082,9.463396300288055,40,-38.18971955698025,0.8548776384436891
21,0.6512662410736084,0.04841352761862123,0.03966379165649414,0.01432637497897119,False,13,0.2027192023353962,0.08967635956735194,99,"{'est__bootstrap': False, 'est__max_depth': 13, 'est__max_features': 0.2027192023353962, 'est__min_samples_leaf': 0.08967635956735194, 'est__min_samples_split': 0.09559867441324024, 'est__n_estimators': 99}",0.5937993096826666,0.044755000026881285,69,0.5925299692852575,0.006705066539576684,0.5931202571085221,0.04440475559365795,69,0.5925299692852575,0.0067050665395767374,-3.603718731239522,0.2093239968740672,70,-3.5861945231571632,0.03351103850562736,-48.63763751855521,11.204603994017889,70,-48.2350969594154,0.9794633754738897
22,3.096429371833801,0.14078823115327452,0.11984307765960693,0.021092104594224302,False,30,0.1403314544058757,0.06054173792778173,544,"{'est__bootstrap': False, 'est__max_depth': 30, 'est__max_features': 0.1403314544058757, 'est__min_samples_leaf': 0.06054173792778173, 'est__min_samples_split': 0.10842837716903296, 'est__n_estimators': 544}",0.5986850131215309,0.039928718326535856,66,0.5980473937148929,0.006521068161697406,0.597995216783177,0.03960716781447445,66,0.5980473937148929,0.006521068161697399,-3.6256455300724135,0.18720392491180451,72,-3.6055177954719717,0.04445324085521535,-47.95820132267084,10.467434392122161,67,-47.58972781368787,1.2940406256006542
23,2.649614143371582,0.0698476343600177,0.13447327613830568,0.01871615286941765,False,13,0.07797990982879299,0.029075145291376805,581,"{'est__bootstrap': False, 'est__max_depth': 13, 'est__max_features': 0.07797990982879299, 'est__min_samples_leaf': 0.029075145291376805, 'est__min_samples_split': 0.03308303616354688, 'est__n_estimators': 581}",0.5620636696685689,0.036868016502516227,79,0.5635545461710537,0.007305718460547184,0.5612502200694678,0.03645579932980883,79,0.5635545461710537,0.007305718460547168,-3.9067749194481527,0.19012049102938455,86,-3.8804323060761434,0.04512540768948225,-52.29757290849644,10.770011201175674,79,-51.6720523624852,1.3567914843802857
24,7.245634937286377,0.22189573749701336,0.15417659282684326,0.030728932288154744,False,45,0.296633685837714,0.010649425983027061,623,"{'est__bootstrap': False, 'est__max_depth': 45, 'est__max_features': 0.296633685837714, 'est__min_samples_leaf': 0.010649425983027061, 'est__min_samples_split': 0.09185037952609915, 'est__n_estimators': 623}",0.7503816815488095,0.03532886812220062,13,0.7601524298524646,0.004110413854990021,0.7500756228619163,0.035457454004905374,13,0.7601524298524647,0.004110413854990041,-2.6919098565315194,0.18199572524849414,13,-2.6252308377440405,0.01347220645674205,-29.82646066055171,7.427950250887524,14,-28.390546697601923,0.4932877196278096
25,7.0020263433456424,0.20399237770554654,0.07812027931213379,0.011458430355557398,False,20,0.8935589984899778,0.054034224191565075,351,"{'est__bootstrap': False, 'est__max_depth': 20, 'est__max_features': 0.8935589984899778, 'est__min_samples_leaf': 0.054034224191565075, 'est__min_samples_split': 0.16168059087764847, 'est__n_estimators': 351}",0.6918753400559803,0.03925659418434732,35,0.6927574247319378,0.003066594392359153,0.6912916327574693,0.03880231654167277,35,0.6927574247319378,0.0030665943923591644,-3.03233233686064,0.24361521550914167,35,-2.9965166177142537,0.022679777223001452,-36.943001671338905,8.69788937109847,35,-36.37446753434316,0.7821116255279339
26,10.470606994628906,0.2735473818748184,0.1257406711578369,0.01991618535320514,True,39,0.907828441545754,0.027313224938463533,636,"{'est__bootstrap': True, 'est__max_depth': 39, 'est__max_features': 0.907828441545754, 'est__min_samples_leaf': 0.027313224938463533, 'est__min_samples_split': 0.12989033398773112, 'est__n_estimators': 636}",0.5976969263684094,0.04019524824488754,68,0.5983008583806881,0.005528365678747258,0.5969632183441751,0.04021945066823137,68,0.5983006018784084,0.005528397766217288,-3.364778410039502,0.21766614100187714,56,-3.3366542368472523,0.02139441865276815,-47.948465789975,10.061323311270373,66,-47.555640101784846,1.04084341876383
27,16.448150205612183,0.9543422352696712,0.14774043560028077,0.03637449536702506,False,13,0.8617305832563434,0.0007952130531190705,652,"{'est__bootstrap': False, 'est__max_depth': 13, 'est__max_features': 0.8617305832563434, 'est__min_samples_leaf': 0.0007952130531190705, 'est__min_samples_split': 0.10263871321293559, 'est__n_estimators': 652}",0.7209420125403382,0.04103197506578942,22,0.7399609226691702,0.012953922893023224,0.720657910223859,0.04117549239382475,22,0.7399609226691702,0.012953922893023224,-2.822934379191596,0.2408331755518707,19,-2.718560842125919,0.03764442243326916,-33.16510862112327,7.7610753607767,21,-30.77107285009472,1.3364384646726746
28,22.79198603630066,0.8164158100073786,0.1625272035598755,0.02513127725166864,False,37,0.6934360328902703,0.027041233379852148,830,"{'est__bootstrap': False, 'est__max_depth': 37, 'est__max_features': 0.6934360328902703, 'est__min_samples_leaf': 0.027041233379852148, 'est__min_samples_split': 0.04958097892730706, 'est__n_estimators': 830}",0.7871895757073666,0.03404936970610606,4,0.7992328565234839,0.0034827852709398816,0.7868647831501492,0.03420575270109155,4,0.7992328565234839,0.0034827852709398877,-2.4213067897609126,0.18289138928260898,4,-2.3475700486742546,0.0207318778978604,-25.3592304870661,6.165077513690706,4,-23.76822131347178,0.5915799724987507
29,6.71929657459259,0.2793381188618961,0.11346604824066162,0.024793294545093505,False,32,0.5197906217433661,0.07040189588951778,500,"{'est__bootstrap': False, 'est__max_depth': 32, 'est__max_features': 0.5197906217433661, 'est__min_samples_leaf': 0.07040189588951778, 'est__min_samples_split': 0.07336229087347951, 'est__n_estimators': 500}",0.7056344203858052,0.036296442692761346,28,0.7069931032004398,0.004423605357010096,0.7051449174738056,0.03606042037301152,29,0.7069931032004398,0.0044236053570101035,-2.90459959513032,0.1964125141934333,24,-2.8756723897745733,0.02711483179803424,-35.26888409546549,8.408345639665432,29,-34.691481882794726,0.9365101006404462
30,6.42891035079956,0.3327693694179896,0.17221288681030272,0.0445464535332777,False,12,0.25278229582536416,0.04982485058923855,628,"{'est__bootstrap': False, 'est__max_depth': 12, 'est__max_features': 0.25278229582536416, 'est__min_samples_leaf': 0.04982485058923855, 'est__min_samples_split': 0.060874783653537164, 'est__n_estimators': 628}",0.6861480245860528,0.039141550967487136,38,0.6888335182032732,0.004421810148995311,0.6857084497848664,0.03899175164158407,38,0.6888335182032732,0.004421810148995319,-3.04051210236817,0.18948879765899243,36,-3.0015324932848904,0.02657777010614199,-37.57115939456036,9.065373230548856,38,-36.83880538254645,0.8643034759014631
31,7.012807774543762,0.2070196223184804,0.2233569860458374,0.0976058706020263,False,17,0.267781014275285,0.0977614955832653,858,"{'est__bootstrap': False, 'est__max_depth': 17, 'est__max_features': 0.267781014275285, 'est__min_samples_leaf': 0.0977614955832653, 'est__min_samples_split': 0.08279636565032802, 'est__n_estimators': 858}",0.6000229535813677,0.04064318401894222,63,0.599924836018384,0.004752405305176034,0.5993476754162618,0.04037076659482866,63,0.5999248360183841,0.0047524053051760376,-3.5257232161744967,0.19943835971685542,66,-3.5012012738015605,0.023035764179666466,-47.80765557372055,10.552436441191311,63,-47.364344208073625,1.0352651298310018
32,18.531681728363036,0.5925228559520341,0.14992728233337402,0.016008279642006077,True,32,0.9092658859666537,0.024056189066697244,687,"{'est__bootstrap': True, 'est__max_depth': 32, 'est__max_features': 0.9092658859666537, 'est__min_samples_leaf': 0.024056189066697244, 'est__min_samples_split': 0.029834079546153396, 'est__n_estimators': 687}",0.7698489679859348,0.031571167051298234,7,0.7791957333712595,0.005991487844555299,0.769541978922874,0.031662674066694985,7,0.779195386806665,0.005991414272507355,-2.545767008727196,0.205769898612018,7,-2.479950297622123,0.019817693304216136,-27.565373569044063,6.735253351565461,7,-26.137262087053692,0.7420127276142284
33,2.7305853366851807,0.11783370354117054,0.0495417594909668,0.010216214676170156,False,32,0.553893089071328,0.05936967238793936,187,"{'est__bootstrap': False, 'est__max_depth': 32, 'est__max_features': 0.553893089071328, 'est__min_samples_leaf': 0.05936967238793936, 'est__min_samples_split': 0.017089811940210337, 'est__n_estimators': 187}",0.7119485378708204,0.034436521865386684,26,0.7134727949461913,0.004200708768412554,0.7114708553510856,0.03420790067479249,26,0.7134727949461913,0.004200708768412539,-2.850805854807873,0.19307296770244334,21,-2.8182184910929204,0.026449275397567567,-34.50624334965796,8.164929826510505,26,-33.922705756368266,0.8444803863688347
34,2.7180795669555664,0.0686247722030776,0.049624395370483396,0.006795909657642214,True,17,0.7292163486118596,0.036878313271925325,201,"{'est__bootstrap': True, 'est__max_depth': 17, 'est__max_features': 0.7292163486118596, 'est__min_samples_leaf': 0.036878313271925325, 'est__min_samples_split': 0.12682886028812232, 'est__n_estimators': 201}",0.61686117929703,0.0411434371252201,53,0.617451724489967,0.007030593092092166,0.6161674420487746,0.04115832447139234,53,0.6174515312694681,0.007030640195059516,-3.2790842123784905,0.20922601200998941,51,-3.2493850937153264,0.029463099071668712,-45.71544472209888,10.01370661555029,53,-45.28846201826353,1.1371927270469708
35,3.4233294486999513,0.11066741031881315,0.047620725631713864,0.011947403703642404,False,11,0.8174318732193839,0.07993451249845512,190,"{'est__bootstrap': False, 'est__max_depth': 11, 'est__max_features': 0.8174318732193839, 'est__min_samples_leaf': 0.07993451249845512, 'est__min_samples_split': 0.030992791249120466, 'est__n_estimators': 190}",0.667610900376449,0.04534197581541283,43,0.6718453645514175,0.005752325953688148,0.6670224174658366,0.04529792963771867,43,0.6718453645514175,0.005752325953688151,-3.0958723966659076,0.2261418886676742,39,-3.0568284863270834,0.03846886282351235,-39.7155034080325,9.513479487267556,42,-38.848728051157096,0.9332719268650106
36,1.1673660039901734,0.04874340597800322,0.09188103675842285,0.010412355366096516,False,16,0.04177514155476392,0.059189294318824186,406,"{'est__bootstrap': False, 'est__max_depth': 16, 'est__max_features': 0.04177514155476392, 'est__min_samples_leaf': 0.059189294318824186, 'est__min_samples_split': 0.1358353080066142, 'est__n_estimators': 406}",0.23639347091369195,0.022195561716036764,98,0.236299122294646,0.011476828477451117,0.23451746806074275,0.02068724395158999,98,0.23629912229464609,0.011476828477451075,-5.839305825097918,0.2908464959806531,98,-5.832155806928536,0.0660520452141523,-90.7235066478313,14.109081784492753,98,-90.40665639120922,1.8356147420958135
37,6.8359663724899296,0.15010776505247744,0.10467643737792968,0.016423226960977186,False,3,0.8105010461397154,0.03496659872917294,492,"{'est__bootstrap': False, 'est__max_depth': 3, 'est__max_features': 0.8105010461397154, 'est__min_samples_leaf': 0.03496659872917294, 'est__min_samples_split': 0.02013913366719273, 'est__n_estimators': 492}",0.7490743166736216,0.0371226919684846,14,0.7630573131936799,0.007957835399828913,0.7487517259345637,0.03729477616290035,14,0.7630573131936799,0.007957835399828942,-2.978433336455082,0.1917213518066418,32,-2.9050048231829173,0.051183840632679896,-29.816109394776568,6.773269407485622,13,-28.055195859282247,1.1877272762152173
38,7.2869505167007445,0.2129863418005331,0.21259033679962158,0.02715382844516705,True,40,0.3877353463005374,0.09377299887367346,991,"{'est__bootstrap': True, 'est__max_depth': 40, 'est__max_features': 0.3877353463005374, 'est__min_samples_leaf': 0.09377299887367346, 'est__min_samples_split': 0.028366667885052658, 'est__n_estimators': 991}",0.5595053138543717,0.03951007630989239,81,0.5572950331475982,0.005038961719877373,0.5587357114695459,0.03917282042162159,81,0.5572948607743529,0.0050390001396332035,-3.759425984780509,0.20246653094295358,77,-3.7482507960946263,0.029647314756326985,-52.584621672268895,11.002198333513002,81,-52.41114284469038,1.121891980797357
39,1.7384812116622925,0.08116030679817283,0.06881341934204102,0.009948715476844979,True,25,0.21007162073771368,0.05424479738275659,266,"{'est__bootstrap': True, 'est__max_depth': 25, 'est__max_features': 0.21007162073771368, 'est__min_samples_leaf': 0.05424479738275659, 'est__min_samples_split': 0.13946109546967136, 'est__n_estimators': 266}",0.5872550359868791,0.040824504476386296,71,0.5863276076990086,0.007478711612930794,0.5865801466632182,0.040554609903955464,71,0.5863272160562388,0.0074789122602421185,-3.6354030989619077,0.20862798383866119,73,-3.6159262432442807,0.03440698861392893,-49.33166239326853,10.833005659748935,71,-48.97481816647882,1.28884792207181
40,0.15639443397521974,0.014680156186417498,0.018721890449523926,0.008389854542435937,False,16,0.8182222002012158,0.05562008115994624,5,"{'est__bootstrap': False, 'est__max_depth': 16, 'est__max_features': 0.8182222002012158, 'est__min_samples_leaf': 0.05562008115994624, 'est__min_samples_split': 0.1064004650928453, 'est__n_estimators': 5}",0.7080223974416177,0.03502867836723387,27,0.7080181894458522,0.012978347429807163,0.707389509814715,0.03433209520078285,27,0.7080181894458522,0.012978347429807163,-2.8938711606047027,0.24210408595736843,23,-2.8607089431356383,0.07016906962292994,-34.9978566551939,7.906350631992693,27,-34.570341505643455,1.7188302719199715
41,0.23132882118225098,0.011896808144733456,0.01700911521911621,0.0035020907536967407,True,48,0.9664193512887936,0.055929345360709766,12,"{'est__bootstrap': True, 'est__max_depth': 48, 'est__max_features': 0.9664193512887936, 'est__min_samples_leaf': 0.055929345360709766, 'est__min_samples_split': 0.1766446322946786, 'est__n_estimators': 12}",0.5780182169580731,0.04138739470249108,72,0.5801435959654277,0.007068968752217538,0.5772005955640414,0.04163162626415571,72,0.5801313266655986,0.007069412737143398,-3.546572336406135,0.22724669754607693,68,-3.5109570158803907,0.037914566166185965,-50.28413855549664,10.48667703728948,72,-49.705542771624856,1.1482615261375526
42,0.6966843605041504,0.03059005376491788,0.029941511154174805,0.009688231244216253,True,35,0.7013578299727713,0.0847661142238306,57,"{'est__bootstrap': True, 'est__max_depth': 35, 'est__max_features': 0.7013578299727713, 'est__min_samples_leaf': 0.0847661142238306, 'est__min_samples_split': 0.1714085340837404, 'est__n_estimators': 57}",0.5997258468147357,0.044468499364686886,64,0.5986785440411698,0.006969444535652643,0.5990076714750425,0.04428389674384493,64,0.5986767617594418,0.006969065601406609,-3.4612282013838596,0.24386076996216663,63,-3.4430382286356918,0.027501472187671617,-47.84216779669278,10.772729820899468,65,-47.507692536644626,1.0085332313404243
43,13.41162850856781,0.37315828093226044,0.10814204216003417,0.013235740752586088,False,33,0.6430316461542878,0.008513996499504883,425,"{'est__bootstrap': False, 'est__max_depth': 33, 'est__max_features': 0.6430316461542878, 'est__min_samples_leaf': 0.008513996499504883, 'est__min_samples_split': 0.03316411410482814, 'est__n_estimators': 425}",0.8376506332312879,0.028675946718880282,2,0.8559789514422768,0.0067228510950260514,0.8373827805340316,0.028727239477211272,2,0.8559789514422768,0.0067228510950260514,-2.13801524435237,0.14186967621455254,2,-2.0207806325666353,0.03244183392697751,-19.162459749421885,4.04776147769045,2,-17.056267679838047,0.9805592786320758
44,2.0683368921279905,0.027091973789425825,0.05345134735107422,0.011007243135311142,False,20,0.5816866214364547,0.03732827665617431,156,"{'est__bootstrap': False, 'est__max_depth': 20, 'est__max_features': 0.5816866214364547, 'est__min_samples_leaf': 0.03732827665617431, 'est__min_samples_split': 0.1880865550490979, 'est__n_estimators': 156}",0.6458200691005042,0.04004774181888437,47,0.649322543150818,0.012785371926992799,0.6452201557610715,0.04014695366643996,47,0.649322543150818,0.012785371926992776,-3.176612587335415,0.20943075215022125,45,-3.142105617694205,0.034955006596632233,-42.32432480224056,9.77820998850809,48,-41.50556071343597,1.4150914131458607
45,3.8037110805511474,0.12691470430938775,0.1351809024810791,0.016248540580615336,True,18,0.16180805141749866,0.054973378936658615,723,"{'est__bootstrap': True, 'est__max_depth': 18, 'est__max_features': 0.16180805141749866, 'est__min_samples_leaf': 0.054973378936658615, 'est__min_samples_split': 0.13868714434084597, 'est__n_estimators': 723}",0.5569870990655723,0.038653753865909975,84,0.5552700423695136,0.008154795857500074,0.5561929560829043,0.03817620428029455,84,0.5552697124937552,0.00815483667267035,-3.848156389047033,0.19538294307437573,84,-3.835180114838706,0.043633709082693345,-52.9163668388377,11.048870306940055,84,-52.65259117190136,1.4259492881280738
46,6.384421420097351,0.2291358057471272,0.18471283912658693,0.023134286801937215,True,41,0.17692525267734538,0.001907536361552087,819,"{'est__bootstrap': True, 'est__max_depth': 41, 'est__max_features': 0.17692525267734538, 'est__min_samples_leaf': 0.001907536361552087, 'est__min_samples_split': 0.0992848493215035, 'est__n_estimators': 819}",0.6743764408294497,0.03661596881500689,41,0.6803181542552696,0.005153824671590404,0.6739422938040182,0.036625494850907124,41,0.680318056621207,0.005153780077919221,-3.1601746596697415,0.17439363411907322,42,-3.1220002461448058,0.022950741259796934,-38.89198943826516,8.893181131728673,41,-37.84355994219314,0.7841959520061649
47,10.971557855606079,0.7123736409299624,0.1087339162826538,0.044132373127036856,False,8,0.8502234104941779,0.06586128923003434,463,"{'est__bootstrap': False, 'est__max_depth': 8, 'est__max_features': 0.8502234104941779, 'est__min_samples_leaf': 0.06586128923003434, 'est__min_samples_split': 0.11409341206375886, 'est__n_estimators': 463}",0.698180849545851,0.03917599913844749,33,0.6977629910144657,0.0029562353791292733,0.697606683874384,0.03874921347534045,33,0.6977629910144657,0.002956235379129252,-2.9769185746989444,0.23547133807470105,31,-2.949616771434255,0.02900950913762189,-36.1940244746146,8.602469411760646,33,-35.78334103879517,0.8344792696177383
48,2.715986156463623,0.09465679061310862,0.0883000373840332,0.012186933958568385,True,22,0.26620236768172545,0.02449896433790836,368,"{'est__bootstrap': True, 'est__max_depth': 22, 'est__max_features': 0.26620236768172545, 'est__min_samples_leaf': 0.02449896433790836, 'est__min_samples_split': 0.1946291003957367, 'est__n_estimators': 368}",0.551760056889159,0.03734342883580822,86,0.5499780133539123,0.007059497816539152,0.5509941454653202,0.03710507546512486,86,0.5499777514497899,0.007059493058704292,-3.79476980555814,0.1925070631388592,82,-3.783611320876422,0.0351342078619867,-53.463825592235686,10.878723823437964,86,-53.27658364421003,1.2407688488465294
49,3.1392622232437133,0.10406504056761043,0.06973886489868164,0.014070520200861367,True,8,0.6321386259972629,0.07958113035416485,287,"{'est__bootstrap': True, 'est__max_depth': 8, 'est__max_features': 0.6321386259972629, 'est__min_samples_leaf': 0.07958113035416485, 'est__min_samples_split': 0.10102478152793323, 'est__n_estimators': 287}",0.6098386082990526,0.03931799545075864,59,0.6078526339957934,0.00596424539077004,0.6091490118580738,0.03919314340948356,59,0.6078524431515194,0.005964367048967978,-3.4021327019142573,0.2124634464013741,61,-3.389218269485844,0.03170423999585793,-46.600352147072655,10.14461079028958,59,-46.42496598408265,1.0637238111997531
50,3.277012753486633,0.14419545267684356,0.14790875911712648,0.03427026445467333,True,33,0.1962429877980445,0.07234521152615053,550,"{'est__bootstrap': True, 'est__max_depth': 33, 'est__max_features': 0.1962429877980445, 'est__min_samples_leaf': 0.07234521152615053, 'est__min_samples_split': 0.05687370012573031, 'est__n_estimators': 550}",0.5606592184403482,0.03785255996578151,80,0.5589111133536013,0.005673983471387407,0.559837113166955,0.03741717611881442,80,0.5589108302197673,0.005674042911601953,-3.8320942699571803,0.18465952306579392,83,-3.8179537194415274,0.03859129216654763,-52.462312128093444,10.837906308906225,80,-52.22306434341043,1.2994394051363314
51,0.20228466987609864,0.032681275339558315,0.04148509502410889,0.020106604537737254,False,49,0.04460377175443375,0.09955505107973411,49,"{'est__bootstrap': False, 'est__max_depth': 49, 'est__max_features': 0.04460377175443375, 'est__min_samples_leaf': 0.09955505107973411, 'est__min_samples_split': 0.09451895828419765, 'est__n_estimators': 49}",0.1972641737454801,0.039213287331299605,99,0.19814204078508774,0.03983305073853073,0.19520341973756333,0.04076827436107242,99,0.1981420407850878,0.0398330507385307,-6.041954553330555,0.26621186022960125,99,-6.039135437817415,0.2290443221699889,-95.02918395022206,13.743290596259996,99,-94.950271917528,5.405128655074219
52,4.3038849353790285,0.13521513891794634,0.10518333911895753,0.01286246403342287,True,6,0.3711587002554444,0.001645661652886743,500,"{'est__bootstrap': True, 'est__max_depth': 6, 'est__max_features': 0.3711587002554444, 'est__min_samples_leaf': 0.001645661652886743, 'est__min_samples_split': 0.18573539395495736, 'est__n_estimators': 500}",0.5690410631160927,0.03982999750595725,78,0.5694464555894844,0.006084506880170853,0.5683021571214477,0.03967094000034491,78,0.5694459959671156,0.006084604476307193,-3.669794772048827,0.20396588899411544,75,-3.6499163402737564,0.02042001711956241,-51.42612569968632,10.837678017378456,78,-50.96610355009413,0.8500895050741974
53,19.4450403213501,0.8031527911928131,0.1718447685241699,0.010614050131564856,False,31,0.9646199770892528,0.08540094554673601,984,"{'est__bootstrap': False, 'est__max_depth': 31, 'est__max_features': 0.9646199770892528, 'est__min_samples_leaf': 0.08540094554673601, 'est__min_samples_split': 0.059595329521847554, 'est__n_estimators': 984}",0.645557679345384,0.04465904377178274,48,0.6477601135953008,0.0067667303328274985,0.6448840943902546,0.04464126131584151,48,0.6477601135953008,0.006766730332827488,-3.2618547133080185,0.24495258536017378,49,-3.228519217543608,0.03953699175847751,-42.296743135542776,9.737734594264227,47,-41.703798922651785,1.1941799735989014
54,6.843714380264283,0.24991561631179587,0.17220253944396974,0.03021761889958306,False,23,0.2694748568901568,0.048627987427631574,738,"{'est__bootstrap': False, 'est__max_depth': 23, 'est__max_features': 0.2694748568901568, 'est__min_samples_leaf': 0.048627987427631574, 'est__min_samples_split': 0.07516468655171582, 'est__n_estimators': 738}",0.6955808405865435,0.038379891333397254,34,0.6981684005130497,0.0045130969047315625,0.6951658868776879,0.038252754360324784,34,0.6981684005130497,0.004513096904731531,-2.9786358207299095,0.18939342292018552,33,-2.9394548997421976,0.026675621118362962,-36.4441871418164,8.84764920004971,34,-35.73422927000879,0.8795924413377313
55,8.564724802970886,0.21897915833119716,0.16961190700531006,0.029950573815420566,False,3,0.571061170089365,0.009817649377076854,857,"{'est__bootstrap': False, 'est__max_depth': 3, 'est__max_features': 0.571061170089365, 'est__min_samples_leaf': 0.009817649377076854, 'est__min_samples_split': 0.12338643811313478, 'est__n_estimators': 857}",0.725341361155715,0.03602868364669519,20,0.7387549153559285,0.004894512794071963,0.7249620359940457,0.036353846583995465,20,0.7387549153559285,0.004894512794071962,-3.0827150978020983,0.17824980245640257,38,-3.01935924830964,0.016164525714838705,-32.71081421951731,7.576661498414609,18,-30.920853753316994,0.4374984219711892
56,0.6205836772918701,0.028677364358573352,0.03623952865600586,0.015061575688660555,True,2,0.25516364906973876,0.029629058841893874,107,"{'est__bootstrap': True, 'est__max_depth': 2, 'est__max_features': 0.25516364906973876, 'est__min_samples_leaf': 0.029629058841893874, 'est__min_samples_split': 0.06518760208348151, 'est__n_estimators': 107}",0.6038387681474205,0.04032826987618925,60,0.6044359376234839,0.005496061497032921,0.6031627282451923,0.0402057009869498,60,0.6044346225970083,0.00549636173822875,-3.784031373755712,0.20311298916927278,81,-3.765552380735932,0.03266298300456309,-47.34366335121087,10.458206607335217,60,-46.82520880149501,0.8221513658467258
57,13.044950938224792,0.3552782793366924,0.14752197265625,0.010600781085194758,True,9,0.7034840839871093,0.03604911512197552,762,"{'est__bootstrap': True, 'est__max_depth': 9, 'est__max_features': 0.7034840839871093, 'est__min_samples_leaf': 0.03604911512197552, 'est__min_samples_split': 0.05942477700863418, 'est__n_estimators': 762}",0.7216849053498917,0.0377822728644496,21,0.7233574550778977,0.0031572724398176545,0.7212385067366015,0.03748811550835587,21,0.723357365895038,0.003157281179876644,-2.783437650017246,0.21800151775939577,18,-2.7489239193075807,0.02193017037781296,-33.40527696626735,8.27403384878167,22,-32.75181901790062,0.72759941890418
58,7.484020495414734,0.19216202424587173,0.19851188659667968,0.03350479222481323,False,35,0.25720694359445806,0.06125137108656806,906,"{'est__bootstrap': False, 'est__max_depth': 35, 'est__max_features': 0.25720694359445806, 'est__min_samples_leaf': 0.06125137108656806, 'est__min_samples_split': 0.017237241899647832, 'est__n_estimators': 906}",0.6670533513729309,0.03938146546354087,44,0.6673877601417777,0.004540174063260745,0.6665663623595007,0.03915860138255402,44,0.6673877601417777,0.0045401740632607344,-3.1651249704604325,0.18934712379632154,43,-3.1394618983399747,0.029668061472092548,-39.860318647481016,9.419202886678764,44,-39.37872373284288,0.9513232770276406
59,5.499307036399841,0.1963400182193743,0.08590397834777833,0.013081358649183318,True,36,0.7992951789667752,0.06509639307777652,403,"{'est__bootstrap': True, 'est__max_depth': 36, 'est__max_features': 0.7992951789667752, 'est__min_samples_leaf': 0.06509639307777652, 'est__min_samples_split': 0.14069140857428297, 'est__n_estimators': 403}",0.592906618220371,0.038999153227027926,70,0.5927763855430463,0.005462572730552767,0.5921642838055112,0.039090030081065166,70,0.5927761663590089,0.0054627291850415415,-3.441179637528947,0.21585407159059464,62,-3.4211810425551947,0.029859500431769995,-48.51142304618949,10.064122295635341,69,-48.21233928444067,1.1639566552679717
60,19.117818212509157,0.7938665927484283,0.1605363130569458,0.01491971967018373,False,12,0.8876171489506599,0.0028616771873704702,803,"{'est__bootstrap': False, 'est__max_depth': 12, 'est__max_features': 0.8876171489506599, 'est__min_samples_leaf': 0.0028616771873704702, 'est__min_samples_split': 0.11619411420600419, 'est__n_estimators': 803}",0.7055430765069033,0.031069800663359334,29,0.727538505618376,0.01689090222647008,0.705263776573476,0.03123511086529038,28,0.727538505618376,0.016890902226470092,-2.9189953002615145,0.22124463366454453,28,-2.7994620133230166,0.058042485224512726,-35.00335287220342,7.2308554334082995,28,-32.24041031454339,1.8399540460349373
61,1.2093806743621827,0.07519119384691707,0.04796121120452881,0.018931581563208615,True,22,0.32915266747473193,0.01560416167277442,153,"{'est__bootstrap': True, 'est__max_depth': 22, 'est__max_features': 0.32915266747473193, 'est__min_samples_leaf': 0.01560416167277442, 'est__min_samples_split': 0.1963863367737957, 'est__n_estimators': 153}",0.5527048881589064,0.037654694435532474,85,0.5512763181337708,0.006652286329825115,0.5519172369384526,0.03756932261906719,85,0.5512758759222678,0.006652056136254764,-3.7730267845016217,0.18102744498851375,80,-3.76070565295752,0.046290497431417194,-53.301406259419025,10.670911548310633,85,-53.12686195028139,1.3697133031638937
62,5.670249128341675,0.2872752171222242,0.10740270614624023,0.011734106335165514,False,22,0.25125136051586405,0.00398347344294232,447,"{'est__bootstrap': False, 'est__max_depth': 22, 'est__max_features': 0.25125136051586405, 'est__min_samples_leaf': 0.00398347344294232, 'est__min_samples_split': 0.06134983741997135, 'est__n_estimators': 447}",0.7805296763074075,0.03265368022159547,5,0.7946355099692926,0.003933502866103116,0.7802880917522496,0.03278618469265966,5,0.7946355099692926,0.003933502866103093,-2.497309219909575,0.16673080123920206,5,-2.408875729337327,0.021534695201595372,-26.179623834077393,6.484416342365943,5,-24.310995893099953,0.5755353146266962
63,1.3516850471496582,0.07037766432538749,0.04144506454467774,0.010252366744583777,True,33,0.8288690037875887,0.027254291581974188,106,"{'est__bootstrap': True, 'est__max_depth': 33, 'est__max_features': 0.8288690037875887, 'est__min_samples_leaf': 0.027254291581974188, 'est__min_samples_split': 0.1930851142477632, 'est__n_estimators': 106}",0.5761010986888108,0.03911170496396139,73,0.5754287478269569,0.005015182680034896,0.5753324612954366,0.03912319655434344,73,0.5754276391019892,0.005014162685044867,-3.542932735084956,0.21091019287141954,67,-3.5184043825369655,0.025401022765799718,-50.51228033422113,10.344056416172371,73,-50.26479644422859,1.103389777254533
64,2.6197532176971436,0.06081078649674159,0.17143557071685792,0.024432750297366333,False,6,0.0526817211686077,0.05323546315681481,826,"{'est__bootstrap': False, 'est__max_depth': 6, 'est__max_features': 0.0526817211686077, 'est__min_samples_leaf': 0.05323546315681481, 'est__min_samples_split': 0.1085863892004112, 'est__n_estimators': 826}",0.37278661331624807,0.034999649197794476,93,0.3716464095023226,0.006252938203059644,0.37134037718339963,0.033927527406227016,93,0.37164640950232264,0.006252938203059651,-5.071046283400928,0.2722565497456732,93,-5.057098798424827,0.0398337765505581,-74.74942773044226,13.481885883133554,93,-74.37899453197323,0.8887330325129067
65,16.722100973129272,0.5320564541778553,0.13093287944793702,0.01972049267575465,False,16,0.9768520794625346,0.05173003483011954,660,"{'est__bootstrap': False, 'est__max_depth': 16, 'est__max_features': 0.9768520794625346, 'est__min_samples_leaf': 0.05173003483011954, 'est__min_samples_split': 0.06526833811530795, 'est__n_estimators': 660}",0.689942160716614,0.03836404581790543,37,0.6908440332091639,0.005257413436754913,0.6894262325182293,0.03789930193136122,37,0.6908440332091639,0.005257413436754924,-3.00227277430828,0.2549552227267629,34,-2.9633351858316916,0.03367850504576911,-37.12956645151926,8.436028523584872,37,-36.60401723201894,1.0479290041690563
66,3.8925061225891113,0.15095236509391402,0.040851807594299315,0.010879444918198438,False,19,0.4399714207056361,0.007945638134226595,120,"{'est__bootstrap': False, 'est__max_depth': 19, 'est__max_features': 0.4399714207056361, 'est__min_samples_leaf': 0.007945638134226595, 'est__min_samples_split': 0.006044797939676045, 'est__n_estimators': 120}",0.8549040234173952,0.02709241999978639,1,0.8761077578380998,0.002450071627896707,0.8547506423502561,0.027138870885228802,1,0.8761077578380998,0.0024500716278966737,-2.028144119215497,0.1600797829792853,1,-1.8656416493422825,0.01725435366786703,-17.250817164247653,4.217136698209908,1,-14.66598122966138,0.33906544839140024
67,6.93662462234497,0.3642209885872286,0.13176991939544677,0.015884692984426206,False,23,0.42931447494010777,0.06894999007653664,637,"{'est__bootstrap': False, 'est__max_depth': 23, 'est__max_features': 0.42931447494010777, 'est__min_samples_leaf': 0.06894999007653664, 'est__min_samples_split': 0.012580525506180277, 'est__n_estimators': 637}",0.6992637330743253,0.0379613446730406,32,0.6994719693827552,0.0036751059456195927,0.6987812392687065,0.03772019932225451,32,0.6994719693827554,0.003675105945619587,-2.9505130046576076,0.19485486158364487,30,-2.923552534764311,0.024578270540565352,-36.053119688461706,8.747792354222781,32,-35.579843761964604,0.8140339680339428
68,3.275524115562439,0.15488338920621456,0.11467494964599609,0.022736376870629633,True,47,0.25124289816459533,0.055022666470612054,491,"{'est__bootstrap': True, 'est__max_depth': 47, 'est__max_features': 0.25124289816459533, 'est__min_samples_leaf': 0.055022666470612054, 'est__min_samples_split': 0.14320458861731242, 'est__n_estimators': 491}",0.6012497088254116,0.040646653148984406,62,0.5997478759906617,0.00625233175716668,0.6006377676957131,0.04039719834931598,62,0.5997476188596772,0.006252398257274116,-3.5254645512082545,0.19477420731430348,65,-3.5128869263226825,0.035080592927598894,-47.64410722430866,10.481126972719213,62,-47.38690388121112,1.2022270642105701
69,5.536908411979676,0.1664053763811841,0.17981553077697754,0.023300479858353408,True,1,0.9558652806631941,0.07388969166957686,793,"{'est__bootstrap': True, 'est__max_depth': 1, 'est__max_features': 0.9558652806631941, 'est__min_samples_leaf': 0.07388969166957686, 'est__min_samples_split': 0.11131645644976874, 'est__n_estimators': 793}",0.5205343646894416,0.0380134676043578,89,0.5201506767405835,0.005516666697253807,0.5196427139905906,0.0387327870613952,89,0.5201504845763638,0.005516616436600553,-4.363226262646113,0.2056708771821604,90,-4.355887741188594,0.03376547468581147,-56.97104284456022,10.601268038526822,89,-56.8099937497751,1.2850254687036142
70,4.422928833961487,0.12010839842362367,0.15434036254882813,0.021476363009109663,True,3,0.24873098950115746,0.03569726786512616,700,"{'est__bootstrap': True, 'est__max_depth': 3, 'est__max_features': 0.24873098950115746, 'est__min_samples_leaf': 0.03569726786512616, 'est__min_samples_split': 0.15181137598240946, 'est__n_estimators': 700}",0.5982115167745482,0.04022661990744929,67,0.5974316590777395,0.005883770273647868,0.5975603488239913,0.040018998001619406,67,0.5974315812885798,0.005883813764441017,-3.655933983297775,0.20106000556897524,74,-3.6374881277343514,0.024654007958392083,-48.023375610007854,10.582019801394319,68,-47.65754518489259,1.0287143342305411
71,6.162192296981812,0.2536062378906685,0.20000457763671875,0.022438279892577562,True,14,0.09279906581344188,0.009515698826856012,961,"{'est__bootstrap': True, 'est__max_depth': 14, 'est__max_features': 0.09279906581344188, 'est__min_samples_leaf': 0.009515698826856012, 'est__min_samples_split': 0.06297124856886754, 'est__n_estimators': 961}",0.6420177653762409,0.03919287218541357,51,0.6461264964791148,0.0046342961171970416,0.6414672051143825,0.039023446576759754,51,0.6461264094720185,0.00463425210479386,-3.401221927692531,0.1860265832277018,60,-3.362629079158746,0.019806257352694465,-42.80869809667299,9.779485186808293,51,-41.89274479792312,0.85504643993052
72,7.653266406059265,0.1796010846430342,0.12074356079101563,0.014771574179840546,False,5,0.4751738290873252,0.009883416065100148,554,"{'est__bootstrap': False, 'est__max_depth': 5, 'est__max_features': 0.4751738290873252, 'est__min_samples_leaf': 0.009883416065100148, 'est__min_samples_split': 0.09883155914824965, 'est__n_estimators': 554}",0.7581129639034969,0.03563312778149993,12,0.7694059717846142,0.004063443594554437,0.7577983575161682,0.03585758677503867,12,0.7694059717846142,0.004063443594554415,-2.6787348001255866,0.17995267902752698,12,-2.612053157905641,0.014646360885247237,-28.873881455093386,7.2267376093572775,12,-27.293213728790242,0.35757632791413707
73,9.50096263885498,0.3541297416630065,0.1536555528640747,0.013419833364644206,False,33,0.4656738129396114,0.06507736826427635,761,"{'est__bootstrap': False, 'est__max_depth': 33, 'est__max_features': 0.4656738129396114, 'est__min_samples_leaf': 0.06507736826427635, 'est__min_samples_split': 0.010563725915209713, 'est__n_estimators': 761}",0.7044158845459834,0.037921856236738334,30,0.7051712099452173,0.004161169136507462,0.7039286785517763,0.03768186974411234,30,0.7051712099452172,0.004161169136507476,-2.91224109970816,0.19696400323759344,26,-2.882866902420327,0.02739844260862685,-35.444615428177116,8.68656527901769,30,-34.905527335464576,0.8556568812932241
74,1.7991322994232177,0.1663287308043622,0.1093674898147583,0.03953076879692932,True,36,0.04630400977204452,0.03756126146264713,445,"{'est__bootstrap': True, 'est__max_depth': 36, 'est__max_features': 0.04630400977204452, 'est__min_samples_leaf': 0.03756126146264713, 'est__min_samples_split': 0.12554612322713304, 'est__n_estimators': 445}",0.24012324679125735,0.02682237579511756,97,0.23865379036353057,0.011755148558435655,0.2381825534969429,0.025744200337639443,97,0.23865340651401495,0.011755008959443697,-5.817260743439407,0.2813846775118592,97,-5.812218332110162,0.06915078437972695,-90.33428710626295,14.55763364330947,97,-90.12302375195641,1.5968412194597712
75,1.6918638229370118,0.0756101247740315,0.07975337505340577,0.019258622295515032,False,1,0.5403774484000625,0.06849637693981411,339,"{'est__bootstrap': False, 'est__max_depth': 1, 'est__max_features': 0.5403774484000625, 'est__min_samples_leaf': 0.06849637693981411, 'est__min_samples_split': 0.12355438171359286, 'est__n_estimators': 339}",0.5413678887102726,0.03682932018672737,87,0.5394106546266881,0.004380830185847691,0.5404596931176799,0.03699436975160901,87,0.5394106546266881,0.004380830185847669,-4.165723365860106,0.17924182880990933,87,-4.1594173381184865,0.021477275072232477,-54.682726427384,10.922835180354364,87,-54.5268670563918,1.0406717951265785
76,2.223931002616882,0.07932562289622196,0.13679590225219726,0.016463942635822897,True,2,0.027511310541621814,0.05867755812734633,667,"{'est__bootstrap': True, 'est__max_depth': 2, 'est__max_features': 0.027511310541621814, 'est__min_samples_leaf': 0.05867755812734633, 'est__min_samples_split': 0.18810581804356657, 'est__n_estimators': 667}",0.09477882292262728,0.013685896924507248,100,0.09401831149721349,0.009709248608308583,0.09240831545774728,0.013071499663420623,100,0.09401806103633167,0.009709217769137891,-6.57694527329942,0.29140258725149537,100,-6.573190277612712,0.06785283777196059,-107.34009810221502,15.191947521743623,100,-107.2503510909332,1.8944952485384368
77,10.747014999389648,0.6177754872304846,0.1291961908340454,0.021325894099240728,False,35,0.6442882184423532,0.04592528904915167,616,"{'est__bootstrap': False, 'est__max_depth': 35, 'est__max_features': 0.6442882184423532, 'est__min_samples_leaf': 0.04592528904915167, 'est__min_samples_split': 0.10957774107387105, 'est__n_estimators': 616}",0.7256760251983506,0.03791374942358373,19,0.730423154350668,0.003141765993285496,0.7252298648922371,0.03766483910869808,19,0.730423154350668,0.003141765993285492,-2.7590432023203433,0.21108043105842153,17,-2.7059591191446417,0.01927865203037571,-32.91323417931509,8.178376625344429,20,-31.912220680930584,0.5601311600037809
78,3.805720400810242,0.16618902520643677,0.06913959980010986,0.011691143753122014,False,3,0.8214268437712681,0.06524847718577881,288,"{'est__bootstrap': False, 'est__max_depth': 3, 'est__max_features': 0.8214268437712681, 'est__min_samples_leaf': 0.06524847718577881, 'est__min_samples_split': 0.04213018761547233, 'est__n_estimators': 288}",0.6902952368265568,0.036227300783288,36,0.6891305067161163,0.003928971882244904,0.6897525455938364,0.036057414301702534,36,0.6891305067161163,0.003928971882244872,-3.2524710314305123,0.22847634517731422,48,-3.232556593206721,0.03350780372304751,-37.097565318793954,8.488957537824755,36,-36.80525859364165,0.9002053083484568
79,0.4413378000259399,0.05753603167261285,0.02589237689971924,0.009132967606983188,True,12,0.10177800137742665,0.0019221825651549729,38,"{'est__bootstrap': True, 'est__max_depth': 12, 'est__max_features': 0.10177800137742665, 'est__min_samples_leaf': 0.0019221825651549729, 'est__min_samples_split': 0.019794149190429752, 'est__n_estimators': 38}",0.765903127298141,0.03440128911644883,10,0.7845966273791538,0.0053548708579068205,0.7656212458658767,0.034488693818579594,10,0.7845932856482688,0.005354096302446979,-2.6395860839536827,0.15169991290409157,11,-2.528088459650905,0.035119723230371554,-28.012775500671836,7.096787327386286,10,-25.495367144324668,0.5458031401004105
80,5.601649975776672,0.12092049291878555,0.10535507202148438,0.019443790988508552,True,17,0.6567226353807422,0.03863966209655651,421,"{'est__bootstrap': True, 'est__max_depth': 17, 'est__max_features': 0.6567226353807422, 'est__min_samples_leaf': 0.03863966209655651, 'est__min_samples_split': 0.13664112012558516, 'est__n_estimators': 421}",0.6161907216485718,0.04017472468826008,54,0.6164522971121493,0.0035765499537297,0.6155143566286622,0.04018811443405033,54,0.616452079263559,0.0035766274432253147,-3.300884023649285,0.20867247463644364,52,-3.2791229225713487,0.02137368434521913,-45.78849357983919,9.969860320154819,54,-45.40810564202542,0.9541156336596547
81,0.7990022420883178,0.032257079876714376,0.03202111721038818,0.013175390533532136,True,41,0.4970374542934062,0.06938903586919394,78,"{'est__bootstrap': True, 'est__max_depth': 41, 'est__max_features': 0.4970374542934062, 'est__min_samples_leaf': 0.06938903586919394, 'est__min_samples_split': 0.07031898428618628, 'est__n_estimators': 78}",0.613310112381283,0.038867089685298645,55,0.6144067904965085,0.005860117912952157,0.6127104170338579,0.03886055202142406,55,0.614406239861369,0.0058602187544324,-3.3870873251925167,0.20051879978888504,58,-3.3580705058635103,0.031028258786744842,-46.144149520040614,10.006900815343222,55,-45.653194240036086,1.2212843652379954
82,6.777714204788208,0.17995901510525728,0.18905241489410402,0.03419724204823964,True,36,0.41894603171557876,0.09685805515202475,872,"{'est__bootstrap': True, 'est__max_depth': 36, 'est__max_features': 0.41894603171557876, 'est__min_samples_leaf': 0.09685805515202475, 'est__min_samples_split': 0.11004640476636939, 'est__n_estimators': 872}",0.5588499694744538,0.03986033555941457,82,0.5568551850216978,0.004726425722201516,0.5580747172403095,0.039594951103077175,82,0.556854929697524,0.00472634887675939,-3.761235797715134,0.21302963291460622,78,-3.7495100014107883,0.01987489452813762,-52.65640837417011,11.057820373442668,82,-52.46283204821864,1.0884413538512967
83,10.69094364643097,0.4437372481712245,0.18813061714172363,0.02802516873570682,True,24,0.807834739267264,0.09915051420006733,981,"{'est__bootstrap': True, 'est__max_depth': 24, 'est__max_features': 0.807834739267264, 'est__min_samples_leaf': 0.09915051420006733, 'est__min_samples_split': 0.08311091770537388, 'est__n_estimators': 981}",0.5705813501236072,0.039255367846950065,76,0.5692791455703026,0.005059066451969578,0.5698042190628438,0.039230958249084055,76,0.5692790288744203,0.005058999006657871,-3.6751780318500153,0.21687105497382092,76,-3.6601571150740737,0.029812932563187455,-51.17461633044557,10.491924612702224,76,-50.993740507928734,1.1649933383240973
84,7.83857638835907,0.22883416998423703,0.15378882884979247,0.023421189693799,True,39,0.5815440123439098,0.08681166072097221,783,"{'est__bootstrap': True, 'est__max_depth': 39, 'est__max_features': 0.5815440123439098, 'est__min_samples_leaf': 0.08681166072097221, 'est__min_samples_split': 0.11281147173661095, 'est__n_estimators': 783}",0.6031872508718965,0.040586966804542095,61,0.6020146914754472,0.0037899571346104374,0.6024854854619857,0.04045378049548548,61,0.6020144713223173,0.0037899152704441237,-3.463111577348168,0.2179991772157457,64,-3.4472560783695,0.019751402456522155,-47.40653383418233,10.442263940021837,61,-47.11568771575869,0.9106096589658157
85,16.81791877746582,0.6127822540984448,0.185082745552063,0.02551324196248181,True,13,0.7409087604473745,0.023923615240397943,884,"{'est__bootstrap': True, 'est__max_depth': 13, 'est__max_features': 0.7409087604473745, 'est__min_samples_leaf': 0.023923615240397943, 'est__min_samples_split': 0.07616804834908268, 'est__n_estimators': 884}",0.7437882101070905,0.03439270802872605,15,0.7501931265288947,0.006346246985069109,0.7434172450473391,0.03448209691459616,15,0.7501929493281293,0.006346146453215717,-2.7004813951302937,0.20366379403559784,14,-2.6509953002872466,0.020867580001698575,-30.67112133438433,7.526956592528093,15,-29.569469005034335,0.7561222107798222
86,3.263412022590637,0.13951361402161155,0.0451793909072876,0.008357152207436342,False,20,0.8274574661077416,0.03210496010306118,180,"{'est__bootstrap': False, 'est__max_depth': 20, 'est__max_features': 0.8274574661077416, 'est__min_samples_leaf': 0.03210496010306118, 'est__min_samples_split': 0.17920912247074391, 'est__n_estimators': 180}",0.6448857001878439,0.06284768090490757,50,0.65900887794651,0.04586403487661607,0.6443192616950907,0.06307869066967538,49,0.65900887794651,0.04586403487661608,-3.2138127271263803,0.3005961027772333,47,-3.1438995616266756,0.1425137551618612,-42.45514182153146,11.558563054197451,50,-40.341510579751855,5.266314493763557
87,15.915982341766357,0.580300277861854,0.15252161026000977,0.02465669152368715,False,12,0.9595414968831983,0.08481431440955899,799,"{'est__bootstrap': False, 'est__max_depth': 12, 'est__max_features': 0.9595414968831983, 'est__min_samples_leaf': 0.08481431440955899, 'est__min_samples_split': 0.0716261329020814, 'est__n_estimators': 799}",0.6449867766417938,0.0472349449129477,49,0.6481499171047702,0.006275673794215009,0.6442996311392062,0.047220626100934505,50,0.6481499171047702,0.006275673794214981,-3.2632135949177075,0.2469067697010864,50,-3.2231900617107656,0.038282515988651025,-42.3679626403281,9.890742010928175,49,-41.65600046123984,1.094193035451786
88,20.557625913619994,0.567093495506702,0.19418864250183104,0.03423889062166046,False,31,0.9516071469375561,0.05744378881232862,888,"{'est__bootstrap': False, 'est__max_depth': 31, 'est__max_features': 0.9516071469375561, 'est__min_samples_leaf': 0.05744378881232862, 'est__min_samples_split': 0.12673560522179006, 'est__n_estimators': 888}",0.6809642490244658,0.03872916246538583,39,0.6795618881147727,0.00435682472406241,0.6803748198865971,0.03827158748059981,39,0.6795618881147727,0.004356824724062419,-3.099291419993704,0.24969198957607125,40,-3.071954784666024,0.03674266787166738,-38.217375468763656,8.748738341705264,39,-37.93854684143533,0.9671469643628293
89,7.098330879211426,0.31126528595879094,0.1314995050430298,0.019068765398576645,True,35,0.603440925901119,0.05547030523458008,568,"{'est__bootstrap': True, 'est__max_depth': 35, 'est__max_features': 0.603440925901119, 'est__min_samples_leaf': 0.05547030523458008, 'est__min_samples_split': 0.04333285110982157, 'est__n_estimators': 568}",0.6607777332128472,0.04087410655830882,45,0.6615601635339305,0.0075267810389717145,0.6602143458068506,0.04073870559956362,45,0.6615600727108143,0.007526767642441662,-3.1154570259237886,0.21531977438844752,41,-3.084936278344184,0.02963308337130839,-40.56630653562577,9.503287831501355,45,-40.06710447404124,1.135563049239724
90,17.697158932685852,0.7347954004709257,0.21706297397613525,0.04366550554303814,True,16,0.7906181427945539,0.009220610304869037,938,"{'est__bootstrap': True, 'est__max_depth': 16, 'est__max_features': 0.7906181427945539, 'est__min_samples_leaf': 0.009220610304869037, 'est__min_samples_split': 0.09938964063581372, 'est__n_estimators': 938}",0.7293850857869737,0.033886566051436605,17,0.7401173933729038,0.0037063075518454507,0.7289433364690943,0.03418723430141626,17,0.7401173355907595,0.003706324754416931,-2.843750407352208,0.17143415741930962,20,-2.790431926947693,0.027141717242726245,-32.14374924408797,6.907537043804276,17,-30.765875770852308,0.6586458398492414
91,3.1007999658584593,0.2700450459808719,0.20386867523193358,0.05775585195573257,False,31,0.056871154677350044,0.0738035556791009,846,"{'est__bootstrap': False, 'est__max_depth': 31, 'est__max_features': 0.056871154677350044, 'est__min_samples_leaf': 0.0738035556791009, 'est__min_samples_split': 0.10963723826283281, 'est__n_estimators': 846}",0.33462799751645533,0.025215128466636465,94,0.3330796281303275,0.009352700896952759,0.3330447677783251,0.02396060105413023,94,0.33307962813032743,0.009352700896952738,-5.288175122704561,0.260062820038177,94,-5.2795894414893905,0.05775037736510753,-79.14935723662286,13.072971632071935,94,-78.95547709267872,1.8086838906133031
92,1.398646068572998,0.04962537654748943,0.07087316513061523,0.01790053049421986,False,47,0.14399168205283586,0.07625106317174724,256,"{'est__bootstrap': False, 'est__max_depth': 47, 'est__max_features': 0.14399168205283586, 'est__min_samples_leaf': 0.07625106317174724, 'est__min_samples_split': 0.12402539459993596, 'est__n_estimators': 256}",0.5756585080646999,0.038688685561618495,74,0.5748542327813958,0.010071689730587212,0.5748719056967745,0.0382907997441119,74,0.5748542327813959,0.010071689730587212,-3.7700264612197065,0.2005314372118575,79,-3.748733869445212,0.06073832161453117,-50.66448849391183,10.66860910813344,75,-50.339071281300235,1.7257619832609992
93,12.628270888328553,0.3607647255473962,0.20530498027801514,0.04848220021549134,False,7,0.4270914750469411,0.022357641757103055,798,"{'est__bootstrap': False, 'est__max_depth': 7, 'est__max_features': 0.4270914750469411, 'est__min_samples_leaf': 0.022357641757103055, 'est__min_samples_split': 0.07993366878889613, 'est__n_estimators': 798}",0.7684519767320256,0.034371023283781346,8,0.7786107907818568,0.003253850103574411,0.768139153002444,0.034520448118694466,8,0.7786107907818568,0.0032538501035744172,-2.5644018418503784,0.17513781161305939,8,-2.498207951379983,0.01679228777630059,-27.642429304918885,6.835906691420916,8,-26.207120295651855,0.4796138863738114
94,1.6124514818191529,0.06599517010373049,0.11617686748504638,0.012957026108877997,False,2,0.08234878064189977,0.008583771408519191,499,"{'est__bootstrap': False, 'est__max_depth': 2, 'est__max_features': 0.08234878064189977, 'est__min_samples_leaf': 0.008583771408519191, 'est__min_samples_split': 0.19734127612173394, 'est__n_estimators': 499}",0.41962450322448835,0.034495533443711604,92,0.41961493920788573,0.020121703686955067,0.41831883825306565,0.03337167174183068,92,0.41961493920788573,0.02012170368695508,-4.806243058181571,0.2376959271190647,92,-4.7911249445997965,0.12329231974451027,-69.13527430893755,12.23228895022819,92,-68.71253378082562,2.7088652673248697
95,2.1716445684432983,0.052092581994492536,0.06637001037597656,0.014057311836203172,True,1,0.8813599686384168,0.023768519368207876,304,"{'est__bootstrap': True, 'est__max_depth': 1, 'est__max_features': 0.8813599686384168, 'est__min_samples_leaf': 0.023768519368207876, 'est__min_samples_split': 0.1816310475633607, 'est__n_estimators': 304}",0.5315371366326046,0.038999476752416974,88,0.5303573193610011,0.004086985552993549,0.5306394722167082,0.03960751803489483,88,0.5303568445124769,0.004086717307102801,-4.283103507516653,0.20851623186005994,88,-4.275155735609261,0.022346398040451493,-55.73934601699658,10.826372474564119,88,-55.59904887300612,1.0604198109688627
96,2.1443583965301514,0.06826709767699618,0.04492230415344238,0.010402977434337941,False,36,0.37725958553091576,0.008450071669866875,185,"{'est__bootstrap': False, 'est__max_depth': 36, 'est__max_features': 0.37725958553091576, 'est__min_samples_leaf': 0.008450071669866875, 'est__min_samples_split': 0.15565223626955993, 'est__n_estimators': 185}",0.7152043472468176,0.034847483495158926,23,0.7232705288772663,0.004435300398293471,0.7147690743001427,0.03502125239843341,23,0.7232705288772663,0.004435300398293471,-2.918451064322552,0.16893254474556177,27,-2.8700357404896373,0.01887417188577593,-33.997209856209516,7.92559992623388,24,-32.75811988582301,0.6399906567391498
97,1.5305790185928345,0.08111569325595722,0.05155813694000244,0.013596770124237427,True,27,0.24972415443028795,0.03312525290190985,176,"{'est__bootstrap': True, 'est__max_depth': 27, 'est__max_features': 0.24972415443028795, 'est__min_samples_leaf': 0.03312525290190985, 'est__min_samples_split': 0.08745591705316601, 'est__n_estimators': 176}",0.6678565436467224,0.040885993844696704,42,0.6684064972049857,0.005546050129091533,0.6673904194507523,0.04066508819054618,42,0.6684060826645095,0.005546386773651692,-3.1673006137337048,0.19024214478864043,44,-3.1393607513749466,0.037505038870497866,-39.78258498018564,9.570864708195849,43,-39.25563578544076,0.9193008475732679
98,8.89916217327118,0.6721697524432708,0.1740570068359375,0.040204654685165694,True,28,0.5724730252050106,0.07419738609106684,898,"{'est__bootstrap': True, 'est__max_depth': 28, 'est__max_features': 0.5724730252050106, 'est__min_samples_leaf': 0.07419738609106684, 'est__min_samples_split': 0.15367177576860577, 'est__n_estimators': 898}",0.6117606087792563,0.039326856609431006,57,0.6105903194918464,0.004438047876960848,0.6110795393152653,0.039309863934187346,57,0.6105902565435881,0.004438043340214495,-3.383396537610161,0.20447444415777882,57,-3.3697267840776695,0.025175437156624333,-46.34819159344768,10.091025176951486,58,-46.101930879464234,1.0072148740883187
99,2.2181687116622926,0.11320150583057341,0.04629065990447998,0.007736142727762967,True,39,0.7470448792654233,0.05843687650971597,194,"{'est__bootstrap': True, 'est__max_depth': 39, 'est__max_features': 0.7470448792654233, 'est__min_samples_leaf': 0.05843687650971597, 'est__min_samples_split': 0.19247233714643386, 'est__n_estimators': 194}",0.5751004831447734,0.03885325529313729,75,0.5739626021122843,0.005334618045037979,0.5742719416607993,0.03891472980033076,75,0.5739621706830863,0.0053346770270558405,-3.5552846152345614,0.20200015353008963,69,-3.5392109918095955,0.03583749108871461,-50.64520784417468,10.370645391690102,74,-50.44059978550523,1.227220036009075
